City_ID,City,Lat,Lng,Max Temp,Humidity,Cloudiness,Wind Speed,Country,Date
0,rikitea,-23.1203,-134.9692,26.85,81,49,6.79,PF,2023-04-03
1,sidi ali,36.0998,0.4206,12.28,50,0,2.26,DZ,2023-04-03
2,constitucion,-35.3333,-72.4167,13.71,62,23,3.95,CL,2023-04-03
3,narsaq,60.9167,-46.05,7.12,73,100,2.8,GL,2023-04-03
4,cidreira,-30.1811,-50.2056,20.18,76,7,5.8,BR,2023-04-03
5,santa maria,-29.6842,-53.8069,12.71,89,10,2.24,BR,2023-04-03
6,jamestown,42.097,-79.2353,4.77,57,40,2.57,US,2023-04-03
7,hermanus,-34.4187,19.2345,18.22,84,1,4.0,ZA,2023-04-03
8,chokurdakh,70.6333,147.9167,-15.28,87,100,5.53,RU,2023-04-03
9,stephenville,32.2207,-98.2023,19.76,97,0,1.54,US,2023-04-03
10,qaanaaq,77.484,-69.3632,-27.62,70,0,2.88,GL,2023-04-03
11,kapoeta,4.7717,33.5903,31.99,35,44,5.44,SS,2023-04-03
12,hobart,-42.8794,147.3294,18.48,62,0,3.6,AU,2023-04-03
13,arraial do cabo,-22.9661,-42.0278,24.32,70,100,3.8,BR,2023-04-03
14,hithadhoo,-0.6,73.0833,28.23,68,5,2.86,MV,2023-04-03
15,ushuaia,-54.8,-68.3,11.81,50,0,9.77,AR,2023-04-03
16,georgetown,5.4112,100.3354,28.96,74,20,1.54,MY,2023-04-03
17,quelimane,-17.8786,36.8883,26.14,72,100,1.89,MZ,2023-04-03
18,avarua,-21.2078,-159.775,26.03,65,75,4.12,CK,2023-04-03
19,ilulissat,69.2167,-51.1,-20.99,84,63,2.06,GL,2023-04-03
20,bambous virieux,-20.3428,57.7575,29.56,74,40,5.66,MU,2023-04-03
21,pisco,-13.7,-76.2167,23.03,88,99,0.51,PE,2023-04-03
22,vila franca do campo,37.7167,-25.4333,13.23,68,99,4.26,PT,2023-04-03
23,key largo,25.0865,-80.4473,24.99,74,17,2.69,US,2023-04-03
24,victoria,22.2855,114.1577,25.67,91,94,0.45,HK,2023-04-03
25,yellowknife,62.456,-114.3525,-19.91,100,96,1.99,CA,2023-04-03
26,chuy,-33.6971,-53.4616,16.27,85,100,2.07,UY,2023-04-03
27,san patricio,28.017,-97.5169,24.94,89,98,4.71,US,2023-04-03
28,shelburne,44.0787,-80.2041,0.89,54,100,5.72,CA,2023-04-03
29,cherskiy,68.75,161.3,-23.23,89,22,2.39,RU,2023-04-03
30,airai,-8.9266,125.4092,20.62,79,100,0.43,TL,2023-04-03
31,matara,5.9485,80.5353,29.53,67,17,3.0,LK,2023-04-03
32,klaksvik,62.2266,-6.589,6.51,87,100,8.57,FO,2023-04-03
33,mahebourg,-20.4081,57.7,29.58,74,40,5.66,MU,2023-04-03
34,saint-philippe,-21.3585,55.7679,27.77,73,78,3.48,RE,2023-04-03
35,umm lajj,25.0213,37.2685,27.79,27,0,2.47,SA,2023-04-03
36,busselton,-33.65,115.3333,24.54,48,2,5.61,AU,2023-04-03
37,punta arenas,-53.15,-70.9167,9.06,61,75,5.14,CL,2023-04-03
38,vaini,-21.2,-175.2,23.09,88,20,1.54,TO,2023-04-03
39,castro,-24.7911,-50.0119,12.44,97,72,3.26,BR,2023-04-03
40,bluff,-46.6,168.3333,14.89,72,100,2.53,NZ,2023-04-03
41,cayenne,4.9333,-52.3333,23.02,94,40,0.0,GF,2023-04-03
42,krasne,49.9145,24.6134,1.25,98,100,5.31,UA,2023-04-03
43,cape town,-33.9258,18.4232,19.65,84,75,2.06,ZA,2023-04-03
44,fort william,56.8165,-5.1121,5.17,80,76,1.8,GB,2023-04-03
45,new norfolk,-42.7826,147.0587,18.29,55,100,0.45,AU,2023-04-03
46,atuona,-9.8,-139.0333,27.45,78,100,6.46,PF,2023-04-03
47,rach gia,10.0167,105.0833,31.0,58,36,5.81,VN,2023-04-03
48,namatanai,-3.6667,152.4333,28.45,74,99,2.78,PG,2023-04-03
49,saint george,37.1041,-113.5841,16.25,30,0,4.12,US,2023-04-03
50,port elizabeth,-33.918,25.5701,22.4,81,20,13.38,ZA,2023-04-03
51,lagoa,39.05,-27.9833,14.01,63,55,7.25,PT,2023-04-03
52,carnarvon,-24.8667,113.6333,25.98,68,48,5.51,AU,2023-04-03
53,bathsheba,13.2167,-59.5167,25.34,78,40,6.69,BB,2023-04-03
54,puerto ayora,-0.7393,-90.3518,24.75,94,14,1.62,EC,2023-04-03
55,taguatinga,-12.3857,-46.5711,21.1,94,96,0.61,BR,2023-04-03
56,mittagong,-34.45,150.45,18.89,89,65,2.87,AU,2023-04-03
57,adrar,20.5022,-10.0711,21.74,7,0,2.54,MR,2023-04-03
58,provideniya,64.3833,-173.3,-13.85,98,100,1.26,RU,2023-04-03
59,ngunguru,-35.6167,174.5,16.45,60,0,4.82,NZ,2023-04-03
60,santa cruz del sur,20.7147,-77.9956,21.9,85,6,5.14,CU,2023-04-03
61,ribeira grande,38.5167,-28.7,12.22,71,40,3.09,PT,2023-04-03
62,yeppoon,-23.1333,150.7333,26.88,77,52,5.71,AU,2023-04-03
63,port lincoln,-34.7333,135.8667,19.94,54,0,4.42,AU,2023-04-03
64,paita,-5.0892,-81.1144,25.84,84,100,3.05,PE,2023-04-03
65,tiksi,71.6872,128.8694,-6.92,83,100,10.57,RU,2023-04-03
66,saskylakh,71.9167,114.0833,-7.35,94,100,2.52,RU,2023-04-03
67,bayanday,53.0661,105.5139,-5.58,47,100,5.09,RU,2023-04-03
68,kapaa,22.0752,-159.319,23.18,89,75,0.0,US,2023-04-03
69,tautira,-17.7333,-149.15,27.19,77,95,2.51,PF,2023-04-03
70,vila velha,-20.3297,-40.2925,24.97,77,20,3.6,BR,2023-04-03
71,aykhal,66.0,111.5,-2.94,85,100,9.24,RU,2023-04-03
72,butaritari,3.0707,172.7902,27.98,78,66,5.65,KI,2023-04-03
73,marawi,7.9986,124.2928,23.56,88,100,2.52,PH,2023-04-03
74,nanga eboko,4.6833,12.3667,25.41,71,99,0.9,CM,2023-04-03
75,alofi,-19.0595,-169.9187,24.94,94,75,4.12,NU,2023-04-03
76,agadez,19.75,10.25,23.82,6,100,2.09,NE,2023-04-03
77,oda,35.1833,132.5,14.43,54,0,6.82,JP,2023-04-03
78,lebu,-37.6167,-73.65,10.46,85,4,6.35,CL,2023-04-03
79,kirakira,-10.4544,161.9205,28.03,81,88,3.26,SB,2023-04-03
80,albany,42.6001,-73.9662,-1.93,58,26,1.05,US,2023-04-03
81,chepareria,1.3077,35.2039,22.37,60,88,0.99,KE,2023-04-03
82,esperance,-33.8667,121.9,22.23,61,81,3.92,AU,2023-04-03
83,la libertad,-2.2333,-80.9,26.45,80,100,0.84,EC,2023-04-03
84,acapulco,16.8634,-99.8901,24.9,73,0,1.03,MX,2023-04-03
85,poya,-21.35,165.15,26.74,82,100,3.06,NC,2023-04-03
86,mataura,-46.1927,168.8643,14.71,68,100,0.35,NZ,2023-04-03
87,moose factory,51.2585,-80.6094,-15.0,78,100,4.12,CA,2023-04-03
88,upernavik,72.7868,-56.1549,-29.23,97,51,2.01,GL,2023-04-03
89,muros,42.7762,-9.0603,8.24,81,100,2.22,ES,2023-04-03
90,teguldet,57.3064,88.1667,1.09,72,100,5.47,RU,2023-04-03
91,ayorou,14.7308,0.9174,25.75,9,100,3.66,NE,2023-04-03
92,ponta do sol,32.6667,-17.1,18.17,83,88,2.45,PT,2023-04-03
93,kieta,-6.2167,155.6333,27.9,79,100,1.5,PG,2023-04-03
94,hasaki,35.7333,140.8333,15.22,52,3,8.94,JP,2023-04-03
95,zhaozhou,45.6833,125.3167,7.92,35,100,3.67,CN,2023-04-03
96,mindelo,16.8901,-24.9804,21.75,78,20,2.57,CV,2023-04-03
97,gualeguay,-33.1416,-59.3097,15.51,92,69,2.57,AR,2023-04-03
98,clyde river,70.4692,-68.5914,-25.87,76,0,2.57,CA,2023-04-03
99,kruisfontein,-34.0033,24.7314,21.05,70,32,8.72,ZA,2023-04-03
100,san vicente,-26.6167,-54.1333,12.82,47,0,1.06,AR,2023-04-03
101,pangai,-19.8,-174.35,26.46,64,74,4.93,TO,2023-04-03
102,sioux lookout,50.1001,-91.917,-6.96,86,100,3.6,CA,2023-04-03
103,howard springs,-12.497,131.047,30.95,74,100,2.85,AU,2023-04-03
104,iqaluit,63.7506,-68.5145,-14.15,51,75,3.6,CA,2023-04-03
105,berlevag,70.8578,29.0864,-2.0,74,100,11.37,NO,2023-04-03
106,mar del plata,-38.0023,-57.5575,15.53,79,11,0.89,AR,2023-04-03
107,muli,2.9167,73.5667,28.1,71,4,2.56,MV,2023-04-03
108,visby,57.6409,18.296,2.8,75,20,5.66,SE,2023-04-03
109,crotone,39.0851,17.1178,11.77,100,100,7.2,IT,2023-04-03
110,torbay,47.6666,-52.7314,-0.34,82,75,7.2,CA,2023-04-03
111,takapau,-40.0333,176.35,10.96,96,91,1.86,NZ,2023-04-03
112,barrow,71.2906,-156.7887,-15.99,85,100,5.66,US,2023-04-03
113,male,4.1748,73.5089,31.97,66,20,3.09,MV,2023-04-03
114,norman wells,65.282,-126.8329,-11.98,72,75,2.57,CA,2023-04-03
115,dingle,10.9995,122.6711,31.89,50,98,5.64,PH,2023-04-03
116,severo-kurilsk,50.6789,156.125,0.77,88,71,7.11,RU,2023-04-03
117,rincon,32.296,-81.2354,18.25,91,0,0.0,US,2023-04-03
118,periyapatti,10.75,77.2667,34.56,35,6,1.14,IN,2023-04-03
119,kenai,60.5544,-151.2583,-2.97,68,0,0.0,US,2023-04-03
120,bilibino,68.0546,166.4372,-25.1,94,11,1.24,RU,2023-04-03
121,tura,25.5198,90.2201,27.98,42,70,3.11,IN,2023-04-03
122,inhambane,-23.865,35.3833,27.99,65,40,1.95,MZ,2023-04-03
123,leer,53.2316,7.461,4.52,83,5,4.1,DE,2023-04-03
124,bonga,7.2833,36.2333,25.5,39,16,0.47,ET,2023-04-03
125,vytegra,61.0064,36.4481,-1.14,93,100,5.5,RU,2023-04-03
126,cozumel,20.5083,-86.9458,24.04,88,0,0.0,MX,2023-04-03
127,grindavik,63.8424,-22.4338,7.26,93,100,11.32,IS,2023-04-03
128,bengkulu,-3.8004,102.2655,27.92,73,100,3.94,ID,2023-04-03
129,gwadar,25.1216,62.3254,26.42,51,0,8.68,PK,2023-04-03
130,ancud,-41.8697,-73.8203,8.66,81,0,1.46,CL,2023-04-03
131,barcelos,41.5388,-8.6151,9.91,56,100,1.96,PT,2023-04-03
132,maningrida,-12.0667,134.2667,31.12,58,100,3.83,AU,2023-04-03
133,ahipara,-35.1667,173.1667,16.25,63,3,4.96,NZ,2023-04-03
134,kahului,20.8947,-156.47,23.8,85,0,7.2,US,2023-04-03
135,fortuna,40.5982,-124.1573,5.37,90,73,3.27,US,2023-04-03
136,srednekolymsk,67.45,153.6833,-14.46,84,21,3.24,RU,2023-04-03
137,iisalmi,63.5592,27.1907,-5.62,85,6,1.67,FI,2023-04-03
138,menongue,-14.6585,17.691,19.25,86,100,1.97,AO,2023-04-03
139,dalbandin,28.8947,64.4101,25.53,14,0,3.79,PK,2023-04-03
140,pimentel,-6.8367,-79.9342,25.16,94,100,1.03,PE,2023-04-03
141,cabo san lucas,22.8909,-109.9124,23.06,53,100,4.38,MX,2023-04-03
142,tasiilaq,65.6145,-37.6368,-1.91,90,100,2.94,GL,2023-04-03
143,shakhtinsk,49.71,72.5872,8.65,32,1,7.73,KZ,2023-04-03
144,bethel,41.3712,-73.414,0.92,58,0,0.0,US,2023-04-03
145,thompson,55.7435,-97.8558,-22.91,77,0,3.09,CA,2023-04-03
146,conde,-7.2597,-34.9075,23.7,94,0,2.06,BR,2023-04-03
147,lata,40.1629,-8.3327,7.26,56,100,1.28,PT,2023-04-03
148,geraldton,-28.7667,114.6,26.23,57,7,11.32,AU,2023-04-03
149,slonim,53.0867,25.3219,-0.39,68,100,7.28,BY,2023-04-03
150,constantine,36.365,6.6147,8.67,81,75,6.69,DZ,2023-04-03
151,sahbuz,39.4072,45.5739,11.78,59,89,1.89,AZ,2023-04-03
152,surt,31.2089,16.5887,15.67,57,0,8.48,LY,2023-04-03
153,bull savanna,17.8868,-77.5902,21.55,85,4,2.41,JM,2023-04-03
154,huarmey,-10.0681,-78.1522,25.18,81,100,2.05,PE,2023-04-03
155,pervomayskiy,53.2485,40.2871,9.65,63,99,4.27,RU,2023-04-03
156,hilo,19.7297,-155.09,22.38,96,100,6.17,US,2023-04-03
157,bredasdorp,-34.5322,20.0403,19.12,71,6,5.47,ZA,2023-04-03
158,leningradskiy,69.3833,178.4167,-22.98,94,100,3.72,RU,2023-04-03
159,ostersund,63.1792,14.6357,-6.75,73,0,1.03,SE,2023-04-03
160,abaza,52.655,90.0928,2.67,34,100,1.59,RU,2023-04-03
161,port moresby,-9.4431,147.1797,26.96,80,87,1.04,PG,2023-04-03
162,sao joao da barra,-21.6403,-41.0511,22.85,75,100,2.69,BR,2023-04-03
163,meulaboh,4.1363,96.1285,29.15,63,85,1.97,ID,2023-04-03
164,pangnirtung,66.1451,-65.7125,-18.38,63,100,3.14,CA,2023-04-03
165,te anau,-45.4167,167.7167,11.81,74,100,1.37,NZ,2023-04-03
166,husavik,66.0449,-17.3389,-2.1,82,100,5.24,IS,2023-04-03
167,waitati,-45.75,170.5667,12.11,72,13,2.33,NZ,2023-04-03
168,myronivka,49.6601,30.9823,6.26,94,100,3.85,UA,2023-04-03
169,akdepe,42.0551,59.3788,15.05,32,99,2.47,TM,2023-04-03
170,salisbury,51.0693,-1.7957,4.14,90,40,3.6,GB,2023-04-03
171,khatanga,71.9667,102.5,-15.66,90,100,4.99,RU,2023-04-03
172,pandan,14.0453,124.1694,27.46,78,47,5.6,PH,2023-04-03
173,junagarh,19.8667,82.9333,37.19,17,6,2.93,IN,2023-04-03
174,nikolskoye,59.7035,30.7861,-2.06,94,100,5.42,RU,2023-04-03
175,lerwick,60.1545,-1.1494,7.0,77,100,8.55,GB,2023-04-03
176,letlhakeng,-24.0944,25.0298,23.12,49,11,4.03,BW,2023-04-03
177,san quintin,30.4833,-115.95,12.63,91,31,6.73,MX,2023-04-03
178,padang,-0.9492,100.3543,29.03,68,40,2.68,ID,2023-04-03
179,riyadh,24.6877,46.7219,21.08,13,0,2.69,SA,2023-04-03
180,mpika,-11.8343,31.4529,16.55,98,100,0.6,ZM,2023-04-03
181,bowen,-20.0167,148.2333,26.16,83,18,5.46,AU,2023-04-03
182,suruc,36.9761,38.425,14.4,73,11,0.63,TR,2023-04-03
183,port blair,11.6667,92.75,31.02,62,40,3.6,IN,2023-04-03
184,uniara,26.15,75.2167,32.51,20,0,5.56,IN,2023-04-03
185,bar-le-duc,48.75,5.1667,4.21,84,12,6.4,FR,2023-04-03
186,mahemdavad,22.8333,72.7667,31.14,18,0,4.43,IN,2023-04-03
187,lichinga,-13.3128,35.2406,19.05,100,75,2.57,MZ,2023-04-03
188,lorengau,-2.0226,147.2712,27.98,76,76,1.92,PG,2023-04-03
189,dikson,73.5069,80.5464,-27.06,90,100,5.16,RU,2023-04-03
190,san jeronimo,-11.9472,-75.2829,7.9,85,77,1.01,PE,2023-04-03
191,vao,-22.6667,167.4833,25.86,79,26,4.53,NC,2023-04-03
192,quang ngai,15.1167,108.8,30.19,71,5,5.27,VN,2023-04-03
193,faanui,-16.4833,-151.75,27.55,73,67,2.43,PF,2023-04-03
194,saint anthony,45.0205,-93.218,2.49,82,0,4.63,US,2023-04-03
195,nemuro,43.3236,145.575,2.84,62,0,2.81,JP,2023-04-03
196,sitka,57.0531,-135.33,3.94,81,100,7.72,US,2023-04-03
197,port alfred,-33.5906,26.891,20.1,84,100,2.24,ZA,2023-04-03
198,kavaratti,10.5669,72.642,28.12,67,65,4.71,IN,2023-04-03
199,jacareacanga,-6.2222,-57.7528,21.01,100,100,0.83,BR,2023-04-03
200,beringovskiy,63.05,179.3167,-7.56,93,99,6.41,RU,2023-04-03
201,champasak,14.75,106.0,36.49,25,52,2.35,LA,2023-04-03
202,necochea,-38.5473,-58.7368,15.03,73,16,2.2,AR,2023-04-03
203,olafsvik,64.8945,-23.7142,3.76,80,100,8.11,IS,2023-04-03
204,lavrentiya,65.5833,-171.0,-16.52,96,100,1.32,RU,2023-04-03
205,rafraf,37.1904,10.1837,14.18,73,28,12.0,TN,2023-04-03
206,dongsheng,39.8161,109.9776,-0.12,98,100,10.27,CN,2023-04-03
207,tuktoyaktuk,69.4541,-133.0374,-17.0,78,75,5.14,CA,2023-04-03
208,tema,5.667,-0.0166,27.6,71,51,2.77,GH,2023-04-03
209,lamar,33.6668,-95.5836,15.95,97,100,5.14,US,2023-04-03
210,taksimo,56.3444,114.8794,-6.77,62,100,5.28,RU,2023-04-03
211,hudson bay,52.85,-102.3842,-14.19,96,100,3.5,CA,2023-04-03
212,kaitangata,-46.2817,169.8464,10.31,84,85,1.74,NZ,2023-04-03
213,pincher creek,49.4833,-113.952,-1.91,91,100,3.09,CA,2023-04-03
214,birjand,32.8663,59.2211,17.26,8,0,4.12,IR,2023-04-03
215,zhigansk,66.7697,123.3711,-4.45,94,100,8.63,RU,2023-04-03
216,saint-augustin,51.226,-58.6502,-2.04,84,16,6.42,CA,2023-04-03
217,pelym,61.0108,61.9978,5.54,89,100,1.1,RU,2023-04-03
218,vardo,70.3705,31.1107,-5.01,93,0,13.38,NO,2023-04-03
219,kailua,21.4022,-157.7394,22.99,93,100,4.02,US,2023-04-03
220,vanavara,60.34,102.2797,-2.78,86,100,5.54,RU,2023-04-03
221,beidao,34.5686,105.8933,6.04,90,100,2.5,CN,2023-04-03
222,coria,39.9879,-6.5377,8.03,58,18,1.14,ES,2023-04-03
223,san buenaventura,27.0833,-101.5333,27.49,42,87,1.79,MX,2023-04-03
224,izhma,65.0083,53.9113,-4.93,76,23,2.96,RU,2023-04-03
225,mosquera,4.7059,-74.2302,11.05,82,40,2.06,CO,2023-04-03
226,gigmoto,13.7796,124.39,27.52,79,33,5.02,PH,2023-04-03
227,boa vista,2.8197,-60.6733,24.99,73,0,4.63,BR,2023-04-03
228,rapid valley,44.0625,-103.1463,3.54,40,100,4.63,US,2023-04-03
229,yulara,-25.2406,130.9889,31.65,24,0,1.98,AU,2023-04-03
230,longyan,25.1072,117.0225,23.37,69,94,2.3,CN,2023-04-03
231,kankaanpaa,61.8,22.4167,-4.58,88,6,2.44,FI,2023-04-03
232,hofn,64.2539,-15.2082,6.08,94,100,5.11,IS,2023-04-03
233,ratnagiri,16.9833,73.3,29.02,48,5,5.57,IN,2023-04-03
234,seryshevo,51.0933,128.3786,6.92,73,100,4.05,RU,2023-04-03
235,port hardy,50.6996,-127.4199,6.0,87,20,3.09,CA,2023-04-03
236,katsuura,35.1333,140.3,12.81,58,6,8.95,JP,2023-04-03
237,coracora,-15.0333,-73.7833,10.44,85,91,0.43,PE,2023-04-03
238,skibbereen,51.55,-9.2667,10.06,91,100,7.13,IE,2023-04-03
239,ovalle,-30.5983,-71.2003,20.07,50,0,0.63,CL,2023-04-03
240,nuevo progreso,23.1667,-97.95,23.83,72,91,2.56,MX,2023-04-03
241,naze,28.3667,129.4833,18.7,70,2,9.41,JP,2023-04-03
242,sayan,-11.1361,-77.1933,22.18,88,100,1.45,PE,2023-04-03
243,salalah,17.0151,54.0924,32.05,51,75,3.6,OM,2023-04-03
244,bikapur,26.6,82.1333,34.08,23,0,5.83,IN,2023-04-03
245,kamina,-8.7386,24.9906,20.74,87,100,0.6,CD,2023-04-03
246,namibe,-15.1961,12.1522,24.07,73,19,2.37,AO,2023-04-03
247,hamilton,39.1834,-84.5333,7.77,81,40,2.57,US,2023-04-03
248,castlecomer,52.8061,-7.2106,8.03,91,100,3.47,IE,2023-04-03
249,guerrero negro,27.9769,-114.0611,13.49,81,52,6.42,MX,2023-04-03
250,beloha,-25.1667,45.05,27.61,59,25,4.48,MG,2023-04-03
251,nola,40.922,14.5329,16.06,87,100,4.66,IT,2023-04-03
252,tias,28.9611,-13.645,15.82,77,20,6.69,ES,2023-04-03
253,surok,56.4469,48.1214,8.79,59,100,2.54,RU,2023-04-03
254,marabba,12.35,32.1833,31.07,7,17,5.86,SD,2023-04-03
255,karratha,-20.7377,116.8463,31.86,54,79,6.09,AU,2023-04-03
256,kanniyakumari,8.0833,77.5667,30.24,65,91,5.98,IN,2023-04-03
257,juba,4.8517,31.5825,31.9,40,24,1.95,SS,2023-04-03
258,sept-iles,50.2001,-66.3821,-10.53,60,40,7.72,CA,2023-04-03
259,dzaoudzi,-12.7887,45.2699,30.94,70,75,2.57,YT,2023-04-03
260,bacum,27.55,-110.0833,16.64,34,29,0.8,MX,2023-04-03
261,isangel,-19.55,169.2667,27.61,81,27,2.24,VU,2023-04-03
262,requena,39.4883,-1.1004,4.88,59,0,2.63,ES,2023-04-03
263,talara,-4.5772,-81.2719,26.01,84,100,2.81,PE,2023-04-03
264,jijiga,9.35,42.8,22.31,59,86,4.32,ET,2023-04-03
265,manta,-0.95,-80.7333,25.52,84,100,1.99,EC,2023-04-03
266,mitsamiouli,-11.3847,43.2844,28.34,71,73,0.35,KM,2023-04-03
267,colwyn bay,53.2948,-3.7267,4.92,80,6,4.69,GB,2023-04-03
268,emba,48.8264,58.1442,9.43,30,100,5.86,KZ,2023-04-03
269,newport,51.5877,-2.9984,4.51,87,5,4.32,GB,2023-04-03
270,souillac,-20.5167,57.5167,29.21,74,40,5.66,MU,2023-04-03
271,east london,-33.0153,27.9116,21.52,83,0,3.09,ZA,2023-04-03
272,baykit,61.67,96.37,-0.86,91,100,4.36,RU,2023-04-03
273,rio bueno,-40.3167,-72.9667,2.84,97,0,0.57,CL,2023-04-03
274,rocha,-34.4833,-54.3333,15.16,82,100,1.91,UY,2023-04-03
275,linqiong,30.4159,103.4609,21.9,87,100,1.27,CN,2023-04-03
276,lodwar,3.1191,35.5973,30.6,46,73,5.53,KE,2023-04-03
277,genhe,50.7833,121.5167,-1.08,55,100,6.89,CN,2023-04-03
278,faya,18.3851,42.4509,20.06,37,100,3.8,SA,2023-04-03
279,donghai,22.9459,115.642,21.97,76,100,3.51,CN,2023-04-03
280,waipawa,-41.4122,175.5153,10.87,77,85,3.51,NZ,2023-04-03
281,aklavik,68.2191,-135.0107,-16.86,97,100,3.28,CA,2023-04-03
282,san juan,-31.5375,-68.5364,19.36,70,0,4.9,AR,2023-04-03
283,mount gambier,-37.8333,140.7667,17.09,59,5,3.8,AU,2023-04-03
284,lugus,5.7036,120.8203,27.9,77,82,5.19,PH,2023-04-03
285,bridlington,54.0831,-0.1919,4.18,70,6,3.79,GB,2023-04-03
286,la seyne-sur-mer,43.0982,5.8847,13.07,74,9,0.89,FR,2023-04-03
287,raudeberg,61.9875,5.1352,6.59,71,100,6.71,NO,2023-04-03
288,gusau,12.1628,6.6614,25.93,11,80,4.11,NG,2023-04-03
289,itarema,-2.9248,-39.9167,22.6,90,89,1.92,BR,2023-04-03
290,nouadhibou,20.931,-17.0347,20.99,68,6,7.72,MR,2023-04-03
291,kelowna,49.8831,-119.4857,2.64,69,0,1.03,CA,2023-04-03
292,dubai,25.2582,55.3047,24.16,46,20,7.2,AE,2023-04-03
293,deputatskiy,69.3,139.9,-11.48,87,100,2.01,RU,2023-04-03
294,kashi,39.4547,75.9797,19.56,11,92,5.0,CN,2023-04-03
295,sorland,67.667,12.6934,4.92,87,75,7.2,NO,2023-04-03
296,sao filipe,14.8961,-24.4956,22.82,77,11,3.4,CV,2023-04-03
297,vestmannaeyjar,63.4427,-20.2734,7.13,93,100,13.9,IS,2023-04-03
298,laguna,38.421,-121.4238,9.08,78,0,1.34,US,2023-04-03
299,olbia,40.9214,9.4856,15.03,67,20,5.14,IT,2023-04-03
300,iskateley,67.6803,53.1512,-7.05,86,15,2.16,RU,2023-04-03
301,vanimo,-2.6741,141.3028,27.38,82,73,1.75,PG,2023-04-03
302,anadyr,64.75,177.4833,-17.72,85,40,6.0,RU,2023-04-03
303,bud,39.447,-86.1758,9.34,75,100,3.89,US,2023-04-03
304,pyay,18.8167,95.2167,37.97,23,65,2.14,MM,2023-04-03
305,madang,-5.2246,145.7966,26.7,87,100,3.31,PG,2023-04-03
306,longyearbyen,78.2186,15.6401,-9.09,86,100,9.26,SJ,2023-04-03
307,mabaruma,8.2,-59.7833,21.54,99,100,1.01,GY,2023-04-03
308,kodiak,57.79,-152.4072,0.73,64,0,1.54,US,2023-04-03
309,estelle,29.8458,-90.1067,24.44,90,100,5.14,US,2023-04-03
310,scottsbluff,41.8666,-103.6672,6.27,64,100,4.12,US,2023-04-03
311,santiago del estero,-27.7951,-64.2615,22.03,80,100,0.3,AR,2023-04-03
312,tulum,20.2167,-87.4667,24.06,81,0,3.17,MX,2023-04-03
313,kodinsk,58.6881,99.1844,-2.38,78,100,5.18,RU,2023-04-03
314,urumqi,43.801,87.6005,1.53,14,40,6.0,CN,2023-04-03
315,pevek,69.7008,170.3133,-28.67,100,16,1.02,RU,2023-04-03
316,asau,46.4333,26.4,7.51,91,100,1.3,RO,2023-04-03
317,rio gallegos,-51.6226,-69.2181,8.43,65,6,4.91,AR,2023-04-03
318,salinas,36.6777,-121.6555,10.04,75,75,6.17,US,2023-04-03
319,talnakh,69.4865,88.3972,-18.22,88,100,4.91,RU,2023-04-03
320,vossevangen,60.623,6.4229,4.19,75,100,0.35,NO,2023-04-03
321,trelew,-43.249,-65.3051,12.56,83,0,4.72,AR,2023-04-03
322,yar-sale,66.8333,70.8333,-15.35,88,24,7.71,RU,2023-04-03
323,tilichiki,60.4667,166.1,-3.0,94,100,1.28,RU,2023-04-03
324,stokmarknes,68.5646,14.9108,0.99,80,75,9.77,NO,2023-04-03
325,strezhevoy,60.7333,77.5889,2.17,93,93,4.82,RU,2023-04-03
326,broken hill,-31.95,141.4333,22.38,20,99,1.89,AU,2023-04-03
327,yelahanka,13.1075,77.6003,32.1,38,40,3.09,IN,2023-04-03
328,kasangulu,-4.5911,15.1708,26.49,87,53,1.11,CD,2023-04-03
329,luderitz,-26.6481,15.1594,18.44,62,0,6.51,NA,2023-04-03
330,pavlodar,52.3,76.95,7.89,17,0,3.0,KZ,2023-04-03
331,callaway,30.153,-85.5699,20.51,86,100,2.06,US,2023-04-03
332,pacific grove,36.6177,-121.9166,9.81,78,75,6.17,US,2023-04-03
333,portland,45.5234,-122.6762,3.6,93,100,1.79,US,2023-04-03
334,sistranda,63.7256,8.834,3.98,77,100,8.3,NO,2023-04-03
335,galesong,-5.3166,119.3661,30.01,75,90,4.64,ID,2023-04-03
336,weinan,34.5036,109.5089,8.23,88,100,5.16,CN,2023-04-03
337,lompoc,34.6391,-120.4579,11.4,78,100,11.18,US,2023-04-03
338,bira,49.0,132.4667,15.58,38,100,2.31,RU,2023-04-03
339,bestobe,52.4994,73.0975,11.03,20,5,4.2,KZ,2023-04-03
340,lakes entrance,-37.8811,147.981,19.53,73,54,3.26,AU,2023-04-03
341,mhasla,18.1333,73.1167,31.78,39,3,3.84,IN,2023-04-03
342,abu samrah,35.3029,37.1841,16.9,51,7,0.92,SY,2023-04-03
343,ambad,19.6167,75.8,33.78,17,0,2.24,IN,2023-04-03
344,copala,16.65,-98.9833,24.62,68,21,1.51,MX,2023-04-03
345,oktyabrskoye,43.0645,44.7417,13.08,41,75,3.0,RU,2023-04-03
346,jipapad,12.2861,125.2353,28.93,64,90,2.77,PH,2023-04-03
347,alihe,50.5667,123.7167,3.0,39,100,6.16,CN,2023-04-03
348,ust-omchug,61.15,149.6333,-10.52,77,1,1.59,RU,2023-04-03
349,sisimiut,66.9395,-53.6735,-14.83,70,0,4.56,GL,2023-04-03
350,jalingo,8.8833,11.3667,30.54,14,34,0.27,NG,2023-04-03
351,college,64.8569,-147.8028,-7.03,73,40,3.6,US,2023-04-03
352,orizona,-17.0314,-48.2958,17.62,90,100,1.87,BR,2023-04-03
353,salcininkai,54.3,25.3833,-0.09,62,95,7.48,LT,2023-04-03
354,palmer,42.1584,-72.3287,0.47,54,78,0.61,US,2023-04-03
355,santa cruz,-17.8,-63.1667,22.7,94,100,1.54,BO,2023-04-03
356,caraquet,47.7941,-64.9386,-8.7,73,12,9.87,CA,2023-04-03
357,saint-pierre,-21.3393,55.4781,28.09,69,100,2.57,RE,2023-04-03
358,villazon,-22.0866,-65.5942,8.88,89,8,0.86,BO,2023-04-03
359,luang prabang,19.8856,102.1347,36.98,26,0,3.09,LA,2023-04-03
360,codrington,-38.2667,141.9667,16.29,66,91,5.54,AU,2023-04-03
361,fort nelson,58.8053,-122.7002,-3.23,63,75,2.06,CA,2023-04-03
362,lahij,13.1667,44.5833,28.0,65,99,3.75,YE,2023-04-03
363,lazaro cardenas,17.9583,-102.2,22.64,77,100,1.73,MX,2023-04-03
364,sao jose da coroa grande,-8.8978,-35.1478,24.75,84,58,0.88,BR,2023-04-03
365,dinard,48.6314,-2.0614,5.16,80,100,4.12,FR,2023-04-03
366,awjilah,29.1081,21.2869,23.23,11,0,7.08,LY,2023-04-03
367,grand gaube,-20.0064,57.6608,29.65,64,79,3.13,MU,2023-04-03
368,devils lake,48.1128,-98.8651,-3.01,92,100,8.75,US,2023-04-03
369,mehamn,71.0357,27.8492,-2.03,69,0,9.26,NO,2023-04-03
370,bandarbeyla,9.4942,50.8122,29.22,63,8,3.17,SO,2023-04-03
371,kulu,39.0951,33.0799,13.05,55,100,1.87,TR,2023-04-03
372,praia da vitoria,38.7333,-27.0667,14.14,72,75,5.98,PT,2023-04-03
373,carutapera,-1.195,-46.02,23.43,93,100,0.74,BR,2023-04-03
374,luganville,-15.5333,167.1667,27.74,80,34,2.46,VU,2023-04-03
375,korla,41.7597,86.1469,6.67,14,87,8.24,CN,2023-04-03
376,lulea,65.5842,22.1547,-7.96,73,0,1.54,SE,2023-04-03
377,petropavlovsk-kamchatskiy,53.0452,158.6483,8.33,40,0,1.0,RU,2023-04-03
378,turbat,26.0023,63.044,28.66,17,0,3.9,PK,2023-04-03
379,astara,38.5,48.6667,15.99,64,7,2.21,AZ,2023-04-03
380,buraydah,26.326,43.975,21.25,15,0,2.26,SA,2023-04-03
381,taoudenni,22.6783,-3.9836,25.55,8,0,1.98,ML,2023-04-03
382,saint-louis,16.3333,-15.0,24.33,28,3,3.81,SN,2023-04-03
383,baruun-urt,46.6806,113.2792,0.16,13,100,4.58,MN,2023-04-03
384,saint-leu,-21.15,55.2833,27.75,89,31,1.83,RE,2023-04-03
385,umtata,-31.5889,28.7844,21.57,59,99,1.7,ZA,2023-04-03
386,melendugno,40.2747,18.3368,12.81,94,40,3.6,IT,2023-04-03
387,moussoro,13.6408,16.4901,29.79,8,7,6.22,TD,2023-04-03
388,port augusta,-32.5,137.7667,26.06,19,0,1.85,AU,2023-04-03
389,nabire,-3.3667,135.4833,28.89,74,38,2.21,ID,2023-04-03
390,puerto vallarta,20.6204,-105.2307,22.17,82,100,0.49,MX,2023-04-03
391,shingu,33.7333,135.9833,15.38,68,94,3.56,JP,2023-04-03
392,morondava,-20.2833,44.2833,27.97,73,5,1.7,MG,2023-04-03
393,rio grande,-32.035,-52.0986,18.34,74,95,4.12,BR,2023-04-03
394,porto seguro,-16.4497,-39.0647,24.29,94,75,4.12,BR,2023-04-03
395,zonguldak,41.25,31.8333,10.47,89,100,1.96,TR,2023-04-03
396,katobu,-4.9408,122.5276,26.26,84,100,1.26,ID,2023-04-03
397,hailar,49.2,119.7,0.1,23,78,11.17,CN,2023-04-03
398,clinton,42.587,-82.9199,4.97,84,0,4.12,US,2023-04-03
399,erdenet,49.0333,104.0833,-5.52,35,100,4.43,MN,2023-04-03
400,danielskuil,-28.1887,23.5395,20.14,45,6,6.57,ZA,2023-04-03
401,watertown,42.3709,-71.1828,0.61,46,0,0.89,US,2023-04-03
402,chibombo,-14.6569,28.0706,18.33,84,100,3.82,ZM,2023-04-03
403,beni mazar,28.4962,30.8029,23.29,19,0,0.75,EG,2023-04-03
404,wodonga,-36.1167,146.8833,24.59,100,23,0.85,AU,2023-04-03
405,luwuk,-0.9516,122.7875,27.83,82,100,0.78,ID,2023-04-03
406,mogadishu,2.0371,45.3438,29.32,68,14,2.72,SO,2023-04-03
407,polovinnoye,54.7914,65.9864,5.8,58,0,4.65,RU,2023-04-03
408,krasnyy yar,46.5331,48.3456,11.96,61,82,4.5,RU,2023-04-03
409,shenjiamen,29.9576,122.298,14.81,86,86,7.41,CN,2023-04-03
410,ler,8.3018,30.1418,33.12,9,68,4.35,SS,2023-04-03
411,praya,14.9215,-23.5087,21.3,68,0,3.09,CV,2023-04-03
412,kabanjahe,3.1001,98.4908,22.09,77,97,1.63,ID,2023-04-03
413,burnie,-41.0667,145.9167,16.08,72,99,3.75,AU,2023-04-03
414,kenitra,34.261,-6.5802,14.42,82,6,1.78,MA,2023-04-03
415,aksarka,66.5606,67.7975,-12.82,81,11,5.3,RU,2023-04-03
416,touros,-5.1989,-35.4608,24.96,83,97,2.4,BR,2023-04-03
417,joacaba,-27.1781,-51.5047,11.19,99,3,1.73,BR,2023-04-03
418,rajanpur,29.1035,70.325,29.07,40,82,5.56,PK,2023-04-03
419,zhanakorgan,43.9098,67.2495,17.47,11,100,1.7,KZ,2023-04-03
420,atlantic beach,30.3344,-81.3987,19.01,86,0,2.57,US,2023-04-03
421,vikhorevka,56.1201,101.1636,-3.23,69,100,5.54,RU,2023-04-03
422,kakonko,-3.2828,30.9642,21.08,86,94,0.65,TZ,2023-04-03
423,atar,20.5169,-13.0499,25.55,7,1,3.69,MR,2023-04-03
424,morros,-9.4467,-46.3003,21.35,88,12,0.95,BR,2023-04-03
425,lugoba,-6.45,38.3333,26.93,76,100,1.57,TZ,2023-04-03
426,zhanaozen,43.3,52.8,9.76,57,92,4.54,KZ,2023-04-03
427,colac,-38.3333,143.5833,16.76,47,86,1.08,AU,2023-04-03
428,yarada,17.65,83.2667,33.18,58,20,4.12,IN,2023-04-03
429,la quinta,33.6634,-116.31,17.76,43,0,9.77,US,2023-04-03
430,santa isabel,-23.3156,-46.2214,15.61,96,5,0.72,BR,2023-04-03
431,coruripe,-10.1256,-36.1756,24.69,84,50,1.61,BR,2023-04-03
432,hohhot,40.8106,111.6522,4.39,87,40,3.0,CN,2023-04-03
433,la rioja,42.25,-2.5,1.88,85,7,1.21,ES,2023-04-03
434,tocopilla,-22.092,-70.1979,22.01,84,41,0.08,CL,2023-04-03
435,smoky lake,54.1169,-112.4686,-4.6,97,100,2.04,CA,2023-04-03
436,san juan de abajo,20.8167,-105.1833,22.04,67,100,0.08,MX,2023-04-03
437,omboue,-1.5746,9.2618,26.19,84,100,3.78,GA,2023-04-03
438,aksu,41.1231,80.2644,17.08,7,0,3.15,CN,2023-04-03
439,priladozhskiy,59.85,31.4833,-2.35,93,100,5.75,RU,2023-04-03
440,hay river,60.8156,-115.7999,-16.01,85,75,1.03,CA,2023-04-03
441,verkhoyansk,67.5447,133.385,-4.08,77,100,6.97,RU,2023-04-03
442,alta floresta,-9.8756,-56.0861,20.69,99,100,1.25,BR,2023-04-03
443,prince rupert,54.3161,-130.3201,4.83,93,40,6.17,CA,2023-04-03
444,richards bay,-28.783,32.0377,25.68,68,6,6.91,ZA,2023-04-03
445,helsinki,60.1695,24.9355,0.06,58,0,9.83,FI,2023-04-03
446,sarangani,5.4033,125.4636,27.62,77,99,4.61,PH,2023-04-03
447,hirado,33.3597,129.5531,16.88,66,0,10.26,JP,2023-04-03
448,sao miguel,-5.4667,-35.3667,24.43,79,95,2.43,BR,2023-04-03
449,nacala,-14.5428,40.6728,28.62,78,75,7.2,MZ,2023-04-03
450,pucallpa,-8.3791,-74.5539,21.59,99,100,0.55,PE,2023-04-03
451,emerald,-23.5333,148.1667,29.08,43,37,3.34,AU,2023-04-03
452,los llanos de aridane,28.6585,-17.9182,16.86,92,40,5.14,ES,2023-04-03
453,orgita,58.9218,24.45,1.99,68,6,5.48,EE,2023-04-03
454,codajas,-3.8367,-62.0569,21.68,100,92,0.98,BR,2023-04-03
455,nimaparha,20.0667,86.0167,35.22,31,16,4.54,IN,2023-04-03
456,harper,4.375,-7.7169,26.12,84,24,1.41,LR,2023-04-03
457,windsor,42.3001,-83.0165,4.98,85,40,5.14,CA,2023-04-03
458,omsukchan,62.5333,155.8,-17.03,93,84,1.94,RU,2023-04-03
459,sokolo,14.7328,-6.1219,25.42,10,53,4.52,ML,2023-04-03
460,whitehorse,60.7161,-135.0538,-4.57,67,75,3.6,CA,2023-04-03
461,chara,56.9064,118.2631,-9.33,68,100,0.74,RU,2023-04-03
462,kokoda,-8.8785,147.7407,26.41,86,100,1.61,PG,2023-04-03
463,saint-georges,12.0564,-61.7485,24.72,79,13,6.6,GD,2023-04-03
464,champerico,14.3,-91.9167,27.57,75,19,3.12,GT,2023-04-03
465,feodosiya,45.0333,35.3833,12.61,70,2,5.96,UA,2023-04-03
466,saldanha,-33.0117,17.9442,17.47,85,2,3.92,ZA,2023-04-03
467,caravelas,-17.7125,-39.2481,24.02,81,93,4.4,BR,2023-04-03
468,sechura,-5.5569,-80.8222,25.01,89,100,3.95,PE,2023-04-03
469,humaita,-7.5061,-63.0208,21.58,99,100,1.13,BR,2023-04-03
470,gimli,50.6336,-96.9907,-6.99,93,100,11.83,CA,2023-04-03
471,paamiut,61.994,-49.6678,-1.9,58,100,3.79,GL,2023-04-03
472,chenghai,23.4632,116.768,21.95,64,100,3.0,CN,2023-04-03
473,longkou,37.6508,120.3286,15.73,41,100,6.2,CN,2023-04-03
474,kimbe,-5.5502,150.1429,28.36,80,100,1.69,PG,2023-04-03
475,candido mendes,-1.4467,-45.7167,22.8,97,100,0.67,BR,2023-04-03
476,akcaabat,41.0212,39.5715,15.93,63,75,0.0,TR,2023-04-03
477,tazovskiy,67.4667,78.7,-10.86,90,100,7.46,RU,2023-04-03
478,port hedland,-20.3167,118.5667,33.03,58,37,8.75,AU,2023-04-03
479,lipin bor,60.2622,37.9763,-0.98,94,100,5.99,RU,2023-04-03
480,natal,-5.795,-35.2094,24.36,94,0,2.57,BR,2023-04-03
481,mackay,-21.15,149.2,27.6,86,98,4.62,AU,2023-04-03
482,betong,5.7743,101.0723,23.18,98,100,1.28,TH,2023-04-03
483,penzance,50.1186,-5.5371,9.87,81,40,5.14,GB,2023-04-03
484,meadow lake,34.8014,-106.5436,14.06,21,0,2.03,US,2023-04-03
485,xinqing,48.2333,129.5,13.15,47,100,6.77,CN,2023-04-03
486,soe,-9.8607,124.284,25.61,62,99,1.92,ID,2023-04-03
487,nome,64.5011,-165.4064,-19.35,84,0,1.54,US,2023-04-03
488,wanganui,-39.9333,175.05,13.11,82,29,1.79,NZ,2023-04-03
489,sibolga,1.7427,98.7792,28.41,71,100,2.14,ID,2023-04-03
490,fraga,41.5229,0.3489,8.1,68,0,2.51,ES,2023-04-03
491,zhuhai,22.2769,113.5678,24.92,88,40,8.75,CN,2023-04-03
492,chapleau,47.8405,-83.4034,-1.01,98,100,2.95,CA,2023-04-03
493,kvarkeno,52.0833,59.725,7.55,56,62,5.11,RU,2023-04-03
494,pinega,64.7001,43.3936,-5.1,89,62,3.68,RU,2023-04-03
495,orange cove,36.6244,-119.3137,12.35,75,100,5.66,US,2023-04-03
496,kamenka,51.3223,42.7678,10.7,56,100,2.99,RU,2023-04-03
497,alice springs,-23.7,133.8833,26.75,34,100,1.54,AU,2023-04-03
498,bom jesus,-9.0744,-44.3586,21.88,86,59,0.75,BR,2023-04-03
499,coquimbo,-29.9533,-71.3436,12.85,100,100,0.51,CL,2023-04-03
500,kavieng,-2.5744,150.7967,29.27,68,62,3.91,PG,2023-04-03
501,eureka,40.8021,-124.1637,3.75,93,61,0.89,US,2023-04-03
502,weligama,5.9667,80.4167,29.24,68,18,2.88,LK,2023-04-03
503,bad salzungen,50.8167,10.2333,2.31,67,75,2.24,DE,2023-04-03
504,algiers,36.7525,3.042,8.9,71,20,2.57,DZ,2023-04-03
505,corn island,12.1694,-83.0418,26.21,80,11,9.01,NI,2023-04-03
506,nueve de julio,-35.4444,-60.8831,13.87,99,100,0.45,AR,2023-04-03
507,veraval,20.9,70.3667,28.21,57,0,4.53,IN,2023-04-03
508,kolokani,13.5728,-8.0339,23.95,8,71,3.53,ML,2023-04-03
509,sarangpur,23.5667,76.4667,33.2,20,1,2.88,IN,2023-04-03
510,guatire,10.4762,-66.5427,24.0,98,67,0.61,VE,2023-04-03
511,atbasar,51.8,68.3333,2.39,94,3,3.49,KZ,2023-04-03
512,acarau,-2.8856,-40.12,23.2,88,92,1.99,BR,2023-04-03
513,chhatarpur,24.9,79.6,35.19,15,6,4.33,IN,2023-04-03
514,devonport,-41.1667,146.35,16.12,80,70,3.32,AU,2023-04-03
515,belaya kholunitsa,58.84,50.8528,7.39,83,100,2.38,RU,2023-04-03
516,wukari,7.85,9.7833,29.88,55,31,2.27,NG,2023-04-03
517,timra,62.487,17.3257,-7.18,73,0,2.57,SE,2023-04-03
518,roma,43.2128,-75.4557,-1.3,66,0,3.09,US,2023-04-03
519,bonfim,3.0833,-59.95,24.11,73,95,3.48,BR,2023-04-03
520,pocatello,42.8713,-112.4455,-1.01,85,100,0.89,US,2023-04-03
521,varhaug,58.6147,5.6457,5.27,75,54,2.15,NO,2023-04-03
522,jinji,23.2281,110.8261,30.19,63,49,6.72,CN,2023-04-03
523,avera,33.194,-82.5271,9.03,51,56,1.06,US,2023-04-03
524,alushta,44.6667,34.4167,11.88,77,47,3.8,UA,2023-04-03
525,flin flon,54.7682,-101.865,-21.4,100,97,2.16,CA,2023-04-03
526,paranapanema,-23.3886,-48.7228,14.66,99,37,2.75,BR,2023-04-03
527,suntar,62.1444,117.6319,-2.41,76,100,3.79,RU,2023-04-03
528,arlit,18.7369,7.3853,25.88,4,100,1.99,NE,2023-04-03
529,nhulunbuy,-12.2333,136.7667,32.34,58,40,5.14,AU,2023-04-03
530,alamogordo,32.8995,-105.9603,19.45,13,40,6.17,US,2023-04-03
531,tezu,27.9167,96.1667,19.08,79,99,2.52,IN,2023-04-03
532,wanning,18.8003,110.3967,28.46,71,93,6.37,CN,2023-04-03
533,shubarkuduk,49.1447,56.4872,13.66,27,18,6.42,KZ,2023-04-03
534,banes,20.9625,-75.7186,22.99,84,4,3.52,CU,2023-04-03
535,zabaykalsk,49.6333,117.3167,-1.21,21,3,11.53,RU,2023-04-03
536,sola,-13.8833,167.55,28.44,75,90,5.58,VU,2023-04-03
537,itaguai,-22.8522,-43.7753,24.23,100,75,1.03,BR,2023-04-03
538,ayagoz,47.9714,80.4392,2.67,26,0,7.08,KZ,2023-04-03
539,ust-kuyga,70.0167,135.6,-7.2,90,100,7.66,RU,2023-04-03
540,karasburg,-28.0167,18.75,15.79,42,0,2.84,NA,2023-04-03
541,old saybrook,41.2918,-72.3762,2.21,49,0,0.0,US,2023-04-03
542,bubaque,11.2833,-15.8333,25.52,78,5,4.33,GW,2023-04-03
543,sinnamary,5.3833,-52.95,24.39,83,17,5.19,GF,2023-04-03
544,walvis bay,-22.9575,14.5053,17.53,77,6,0.51,NA,2023-04-03
545,teya,60.3778,92.6267,0.06,91,98,5.53,RU,2023-04-03
546,la ronge,55.1001,-105.2842,-14.86,56,0,2.57,CA,2023-04-03
547,gornopravdinsk,60.05,69.9,3.42,93,100,1.36,RU,2023-04-03
548,belcista,41.3028,20.8303,9.53,50,75,4.12,MK,2023-04-03
549,yevlax,40.6089,47.1492,10.99,76,75,1.54,AZ,2023-04-03
550,shitanjing,39.2342,106.3439,4.66,52,100,3.4,CN,2023-04-03
551,itoman,26.1247,127.6694,24.01,53,20,8.75,JP,2023-04-03
552,athens,37.9795,23.7162,18.71,70,40,6.17,GR,2023-04-03
553,tommot,58.9564,126.2925,-6.93,93,100,1.99,RU,2023-04-03
554,abatskoye,56.2875,70.4555,3.61,89,8,3.67,RU,2023-04-03
